,Unnamed: 0,Ticker,Entry Time,Entry Price,Exit Time,Exit Price,Profit,Profitable Trade,Returns,Excess Returns,Cumulative Returns,Running Maximum,Drawdown
0,1,BANKNIFTY09JUL2022800PE,08-07-2020 09:29,301.0,08-07-2020 13:15,163.5,-137.5,False,-0.4568106312292359,-5.456810631229236,0.5431893687707641,0.5431893687707641,0.0
1,2,BANKNIFTY09JUL2022700CE,09-07-2020 09:29,166.75,09-07-2020 10:34,162.5,-4.25,False,-0.025487256371814093,-5.0254872563718145,0.5293449620704598,0.5431893687707641,-0.01384440670030429
2,3,BANKNIFTY09JUL2022700PE,09-07-2020 09:29,147.0,09-07-2020 10:34,110.55,-36.45,False,-0.24795918367346942,-5.247959183673469,0.398089017393805,0.5431893687707641,-0.1451003513769591
3,4,BANKNIFTY16JUL2022700CE,10-07-2020 09:29,437.55,10-07-2020 15:24,295.1,-142.45,False,-0.3255627928236773,-5.3255627928236775,0.2684860450986444,0.5431893687707641,-0.2747033236721197
4,5,BANKNIFTY16JUL2022700PE,10-07-2020 09:29,403.15,10-07-2020 15:24,555.2,152.05000000000007,True,0.37715490512216315,-4.622845094877837,0.36974687396444844,0.5431893687707641,-0.17344249480631563
5,6,BANKNIFTY16JUL2022600CE,13-07-2020 09:29,370.55,13-07-2020 11:11,229.35,-141.20000000000002,False,-0.3810551882337067,-5.381055188233707,0.2288529093071009,0.5431893687707641,-0.3143364594636632
6,7,BANKNIFTY16JUL2022600PE,13-07-2020 09:29,356.5,13-07-2020 11:11,590.85,234.35000000000002,True,0.6573632538569426,-4.342636746143057,0.37929240242384454,0.5431893687707641,-0.16389696634691953
7,8,BANKNIFTY16JUL2021800CE,14-07-2020 09:29,314.65,14-07-2020 10:56,224.35,-90.29999999999998,False,-0.28698553948832034,-5.28698553948832,0.2704409676904164,0.5431893687707641,-0.27274840108034765
8,9,BANKNIFTY16JUL2021800PE,14-07-2020 09:29,328.55,14-07-2020 10:56,513.65,185.09999999999997,True,0.5633845685588189,-4.436615431441181,0.4228032355933111,0.5431893687707641,-0.12038613317745295
9,10,BANKNIFTY16JUL2021600CE,15-07-2020 09:29,265.65,15-07-2020 12:03,329.25,63.60000000000002,True,0.2394127611518917,-4.7605872388481085,0.5240277256506595,0.5431893687707641,-0.0191616431201046
10,11,BANKNIFTY16JUL2021600PE,15-07-2020 09:29,298.3,15-07-2020 12:03,173.3,-125.0,False,-0.4190412336573919,-5.419041233657392,0.3044385010233298,0.5431893687707641,-0.23875086774743426
11,12,BANKNIFTY16JUL2021100CE,16-07-2020 09:29,135.8,16-07-2020 09:48,244.95,109.14999999999998,True,0.8037555228276876,-4.196244477172312,0.5491326275822138,0.5491326275822138,0.0
12,13,BANKNIFTY16JUL2021100PE,16-07-2020 09:29,148.95,16-07-2020 09:48,72.6,-76.35,False,-0.5125881168177241,-5.512588116817724,0.26765376812667824,0.5491326275822138,-0.2814788594555356
13,14,BANKNIFTY23JUL2021700CE,17-07-2020 09:29,447.65,17-07-2020 15:24,582.75,135.10000000000002,True,0.30179827990617675,-4.698201720093823,0.3484312149577164,0.5491326275822138,-0.20070141262449742
14,15,BANKNIFTY23JUL2021700PE,17-07-2020 09:29,406.45,17-07-2020 15:24,246.3,-160.14999999999998,False,-0.39402140484684456,-5.3940214048468444,0.2111418581475841,0.5491326275822138,-0.3379907694346297
15,16,BANKNIFTY23JUL2022300CE,20-07-2020 09:29,412.0,20-07-2020 13:33,306.65,-105.35000000000002,False,-0.25570388349514567,-5.255703883495146,0.15715206505086568,0.5491326275822138,-0.39198056253134816
16,17,BANKNIFTY23JUL2022300PE,20-07-2020 09:29,363.3,20-07-2020 13:33,388.3,25.0,True,0.06881365262868153,-4.931186347371319,0.16796627266515593,0.5491326275822138,-0.38116635491705786
17,18,BANKNIFTY23JUL2022600CE,21-07-2020 09:29,346.15,21-07-2020 15:24,388.95,42.80000000000001,True,0.1236458182868699,-4.87635418171313,0.18873459989343463,0.5491326275822138,-0.36039802768877915
18,19,BANKNIFTY23JUL2022600PE,21-07-2020 09:29,294.0,21-07-2020 15:24,195.5,-98.5,False,-0.33503401360544216,-5.335034013605442,0.12550208938491997,0.5491326275822138,-0.42363053819729385
19,20,BANKNIFTY23JUL2022900CE,22-07-2020 09:29,231.5,22-07-2020 09:36,171.1,-60.400000000000006,False,-0.26090712742980565,-5.260907127429806,0.0927576997570618,0.5491326275822138,-0.456374927825152
20,21,BANKNIFTY23JUL2022900PE,22-07-2020 09:29,278.75,22-07-2020 09:36,394.15,115.39999999999998,True,0.41399103139013443,-4.586008968609866,0.13115855554886424,0.5491326275822138,-0.4179740720333496
21,22,BANKNIFTY23JUL2022800CE,23-07-2020 09:29,169.75,23-07-2020 09:54,132.85,-36.900000000000006,False,-0.21737849779086896,-5.217378497790869,0.1026475057712319,0.5491326275822138,-0.44648512181098193
22,23,BANKNIFTY23JUL2022800PE,23-07-2020 09:29,123.0,23-07-2020 09:54,127.25,4.25,True,0.034552845528455285,-4.965447154471545,0.10619426918202651,0.5491326275822138,-0.4429383584001873
23,24,BANKNIFTY30JUL2022700CE,24-07-2020 09:29,426.35,24-07-2020 15:24,353.15,-73.20000000000005,False,-0.1716899261170401,-5.17168992611704,0.08796178295211131,0.5491326275822138,-0.4611708446301025
24,25,BANKNIFTY30JUL2022700PE,24-07-2020 09:29,410.0,24-07-2020 15:24,435.05,25.05000000000001,True,0.06109756097560978,-4.93890243902439,0.09333603334955128,0.5491326275822138,-0.45579659423266256
25,26,BANKNIFTY30JUL2022200CE,27-07-2020 09:29,359.85,27-07-2020 15:24,204.7,-155.15000000000003,False,-0.43115186883423656,-5.431151868834236,0.05309402814131761,0.5491326275822138,-0.49603859944089623
26,27,BANKNIFTY30JUL2022200PE,27-07-2020 09:29,360.05,27-07-2020 15:24,550.65,190.59999999999997,True,0.5293709207054574,-4.470629079294542,0.08120046270244838,0.5491326275822138,-0.4679321648797654
27,28,BANKNIFTY30JUL2022100CE,28-07-2020 09:29,299.75,28-07-2020 10:16,142.4,-157.35,False,-0.5249374478732277,-5.524937447873228,0.03857529904529991,0.5491326275822138,-0.5105573285369139
28,29,BANKNIFTY30JUL2022100PE,28-07-2020 09:29,348.45,28-07-2020 10:16,581.8,233.34999999999997,True,0.6696800114794087,-4.330319988520591,0.06440840575277797,0.5491326275822138,-0.48472422182943586
29,30,BANKNIFTY30JUL2022300CE,29-07-2020 09:29,240.8,29-07-2020 13:25,214.35,-26.450000000000017,False,-0.10984219269102996,-5.10984219269103,0.05733364523715928,0.5491326275822138,-0.49179898234505454
30,31,BANKNIFTY30JUL2022300PE,29-07-2020 09:29,233.0,29-07-2020 13:25,207.3,-25.69999999999999,False,-0.11030042918454931,-5.11030042918455,0.05100971956078592,0.5491326275822138,-0.4981229080214279
31,32,BANKNIFTY30JUL2022200CE,30-07-2020 09:29,125.0,30-07-2020 10:33,118.1,-6.900000000000006,False,-0.05520000000000005,-5.0552,0.048193983041030536,0.5491326275822138,-0.5009386445411833
32,33,BANKNIFTY30JUL2022200PE,30-07-2020 09:29,132.2,30-07-2020 10:33,110.7,-21.499999999999986,False,-0.1626323751891073,-5.162632375189108,0.04035608110924418,0.5491326275822138,-0.5087765464729697
33,34,BANKNIFTY06AUG2021600CE,31-07-2020 09:29,445.0,31-07-2020 15:03,434.25,-10.75,False,-0.024157303370786518,-5.024157303370787,0.0393811870150321,0.5491326275822138,-0.5097514405671817
34,35,BANKNIFTY06AUG2021600PE,31-07-2020 09:29,422.4,31-07-2020 15:03,345.7,-76.69999999999999,False,-0.18158143939393936,-5.1815814393939394,0.032230294391800654,0.5491326275822138,-0.5169023331904131
35,36,BANKNIFTY06AUG2021400CE,03-08-2020 09:29,337.0,03-08-2020 15:24,236.95,-100.05000000000001,False,-0.2968842729970327,-5.2968842729970325,0.022661626872810578,0.5491326275822138,-0.5264710007094032
36,37,BANKNIFTY06AUG2021400PE,03-08-2020 09:29,380.35,03-08-2020 15:24,463.15,82.79999999999995,True,0.2176942289996055,-4.782305771000394,0.02759493226276382,0.5491326275822138,-0.52153769531945
37,38,BANKNIFTY06AUG2021200CE,04-08-2020 09:29,297.4,04-08-2020 15:24,456.0,158.60000000000002,True,0.5332885003362476,-4.466711499663752,0.04231099230605348,0.5491326275822138,-0.5068216352761603
38,39,BANKNIFTY06AUG2021200PE,04-08-2020 09:29,326.15,04-08-2020 15:24,127.9,-198.24999999999997,False,-0.6078491491644948,-5.607849149164495,0.016592291632513384,0.5491326275822138,-0.5325403359497004
39,40,BANKNIFTY06AUG2021800CE,05-08-2020 09:29,191.45,05-08-2020 09:53,323.7,132.25,True,0.6907808827370071,-4.309219117262993,0.028053929493050838,0.5491326275822138,-0.521078698089163
40,41,BANKNIFTY06AUG2021800PE,05-08-2020 09:29,244.5,05-08-2020 09:53,165.35,-79.15,False,-0.32372188139059305,-5.323721881390593,0.018972258657161373,0.5491326275822138,-0.5301603689250525
41,42,BANKNIFTY06AUG2021600CE,06-08-2020 09:29,178.15,06-08-2020 11:47,144.6,-33.55000000000001,False,-0.1883244456918328,-5.1883244456918325,0.01539931856202938,0.5491326275822138,-0.5337333090201845
42,43,BANKNIFTY06AUG2021600PE,06-08-2020 09:29,186.7,06-08-2020 11:47,257.05,70.35000000000002,True,0.37680771290840936,-4.623192287091591,0.021201900569735685,0.5491326275822138,-0.5279307270124781
43,44,BANKNIFTY13AUG2021500CE,07-08-2020 09:29,369.25,07-08-2020 15:24,481.05,111.80000000000001,True,0.30277589708869335,-4.697224102911306,0.027621325034722685,0.5491326275822138,-0.5215113025474911
44,45,BANKNIFTY13AUG2021500PE,07-08-2020 09:29,397.4,07-08-2020 15:24,224.65,-172.74999999999997,False,-0.4347005535983895,-5.43470055359839,0.015614319751007681,0.5491326275822138,-0.5335183078312061
45,46,BANKNIFTY13AUG2022000CE,10-08-2020 09:29,325.95,10-08-2020 15:24,287.5,-38.44999999999999,False,-0.11796287774198494,-5.117962877741985,0.0137724096591953,0.5491326275822138,-0.5353602179230185
46,47,BANKNIFTY13AUG2022000PE,10-08-2020 09:29,309.95,10-08-2020 15:24,317.35,7.400000000000034,True,0.023874818519116096,-4.976125181480884,0.014101223440379508,0.5491326275822138,-0.5350314041418343
47,48,BANKNIFTY13AUG2022200CE,11-08-2020 09:29,268.0,11-08-2020 13:57,209.9,-58.099999999999994,False,-0.21679104477611938,-5.216791044776119,0.01104420447811813,0.5491326275822138,-0.5380884231040957
48,49,BANKNIFTY13AUG2022200PE,11-08-2020 09:29,247.95,11-08-2020 13:57,252.0,4.050000000000011,True,0.016333938294010936,-4.983666061705989,0.01122459983257015,0.5491326275822138,-0.5379080277496436
49,50,BANKNIFTY13AUG2022100CE,12-08-2020 09:29,189.1,12-08-2020 12:55,335.4,146.29999999999998,True,0.7736647276573241,-4.226335272342676,0.01990867680509798,0.5491326275822138,-0.5292239507771158
50,51,BANKNIFTY13AUG2022100PE,12-08-2020 09:29,196.4,12-08-2020 12:55,88.9,-107.5,False,-0.5473523421588594,-5.5473523421588595,0.009011615926543842,0.5491326275822138,-0.54012101165567
51,52,BANKNIFTY13AUG2022400CE,13-08-2020 09:29,106.6,13-08-2020 10:34,98.45,-8.149999999999991,False,-0.07645403377110686,-5.076454033771107,0.008322641538163615,0.5491326275822138,-0.5408099860440502
52,53,BANKNIFTY13AUG2022400PE,13-08-2020 09:29,112.6,13-08-2020 10:34,98.4,-14.199999999999989,False,-0.1261101243339253,-5.126110124333925,0.00727307217899911,0.5491326275822138,-0.5418595554032147
53,54,BANKNIFTY20AUG2022200CE,14-08-2020 09:29,334.0,14-08-2020 13:47,202.3,-131.7,False,-0.39431137724550896,-5.394311377245509,0.004405217071291976,0.5491326275822138,-0.5447274105109219
54,55,BANKNIFTY20AUG2022200PE,14-08-2020 09:29,285.65,14-08-2020 13:47,498.85,213.20000000000005,True,0.7463679327848768,-4.253632067215123,0.007693129830260817,0.5491326275822138,-0.541439497751953
55,56,BANKNIFTY20AUG2021800CE,17-08-2020 09:29,259.7,17-08-2020 09:40,230.2,-29.5,False,-0.11359260685406239,-5.113592606854063,0.0068192471579747406,0.5491326275822138,-0.542313380424239
56,57,BANKNIFTY20AUG2021800PE,17-08-2020 09:29,311.0,17-08-2020 09:40,458.0,147.0,True,0.47266881028938906,-4.527331189710611,0.010042492599203959,0.5491326275822138,-0.5390901349830098
57,58,BANKNIFTY20AUG2021800CE,18-08-2020 09:29,235.65,18-08-2020 14:48,457.0,221.35,True,0.9393167833651601,-4.06068321663484,0.019475574444456648,0.5491326275822138,-0.5296570531377571
58,59,BANKNIFTY20AUG2021800PE,18-08-2020 09:29,262.05,18-08-2020 14:48,94.85,-167.20000000000002,False,-0.6380461743941996,-5.6380461743942,0.007049258676041644,0.5491326275822138,-0.5420833689061721
59,60,BANKNIFTY20AUG2022400CE,19-08-2020 09:29,158.65,19-08-2020 14:21,148.3,-10.349999999999994,False,-0.06523794516230692,-5.065237945162307,0.006589379525099122,0.5491326275822138,-0.5425432480571147
60,61,BANKNIFTY20AUG2022400PE,19-08-2020 09:29,201.75,19-08-2020 14:21,176.0,-25.75,False,-0.12763320941759604,-5.127633209417596,0.005748355868240127,0.5491326275822138,-0.5433842717139737
61,62,BANKNIFTY20AUG2022000CE,20-08-2020 09:29,97.85,20-08-2020 10:36,108.75,10.900000000000006,True,0.11139499233520701,-4.888605007664793,0.006388693926122778,0.5491326275822138,-0.5427439336560911
62,63,BANKNIFTY20AUG2022000PE,20-08-2020 09:29,113.05,20-08-2020 10:36,79.7,-33.349999999999994,False,-0.2950022114108801,-5.29500221141088,0.004504015089889301,0.5491326275822138,-0.5446286124923245
63,64,BANKNIFTY27AUG2022200CE,21-08-2020 09:29,320.25,21-08-2020 15:24,331.1,10.850000000000023,True,0.0338797814207651,-4.966120218579235,0.004656610136650578,0.5491326275822138,-0.5444760174455633
64,65,BANKNIFTY27AUG2022200PE,21-08-2020 09:29,282.15,21-08-2020 15:24,232.4,-49.74999999999997,False,-0.17632465000886044,-5.17632465000886,0.003835534984077953,0.5491326275822138,-0.5452970925981359
65,66,BANKNIFTY27AUG2022600CE,24-08-2020 09:29,227.7,24-08-2020 11:55,346.75,119.05000000000001,True,0.5228370663153272,-4.4771629336846726,0.005840894842903076,0.5491326275822138,-0.5432917327393108
66,67,BANKNIFTY27AUG2022600PE,24-08-2020 09:29,254.0,24-08-2020 11:55,200.7,-53.30000000000001,False,-0.20984251968503942,-5.209842519685039,0.004615226751852942,0.5491326275822138,-0.5445174008303608
67,68,BANKNIFTY27AUG2023100CE,25-08-2020 09:29,214.2,25-08-2020 13:17,186.35,-27.849999999999994,False,-0.13001867413632118,-5.130018674136322,0.004015161088738542,0.5491326275822138,-0.5451174664934753
68,69,BANKNIFTY27AUG2023100PE,25-08-2020 09:29,243.2,25-08-2020 13:17,218.85,-24.349999999999994,False,-0.10012335526315788,-5.1001233552631575,0.0036131496886119656,0.5491326275822138,-0.5455194778936019
69,70,BANKNIFTY27AUG2023200CE,26-08-2020 09:29,197.9,26-08-2020 13:02,178.85,-19.05000000000001,False,-0.09626073774633659,-5.096260737746337,0.0032653452339982316,0.5491326275822138,-0.5458672823482156
70,71,BANKNIFTY27AUG2023200PE,26-08-2020 09:29,186.0,26-08-2020 13:02,165.25,-20.75,False,-0.11155913978494623,-5.111559139784946,0.002901066128592515,0.5491326275822138,-0.5462315614536213
71,72,BANKNIFTY27AUG2023600CE,27-08-2020 09:29,117.3,27-08-2020 10:02,95.55,-21.75,False,-0.18542199488491048,-5.18542199488491,0.0023631446597358464,0.5491326275822138,-0.546769482922478
72,73,BANKNIFTY27AUG2023600PE,27-08-2020 09:29,88.85,27-08-2020 10:02,89.4,0.5500000000000114,True,0.00619020821609467,-4.993809791783906,0.0023777730172243636,0.5491326275822138,-0.5467548545649894
73,74,BANKNIFTY03SEP2023800CE,28-08-2020 09:29,333.35,28-08-2020 10:31,529.6,196.25,True,0.5887205639718014,-4.411279436028199,0.0037776168889216226,0.5491326275822138,-0.5453550106932922
74,75,BANKNIFTY03SEP2023800PE,28-08-2020 09:29,310.05,28-08-2020 10:31,264.2,-45.85000000000002,False,-0.1478793742944687,-5.147879374294469,0.0032189852670636756,0.5491326275822138,-0.5459136423151502
75,76,BANKNIFTY03SEP2024900CE,31-08-2020 09:29,421.55,31-08-2020 10:27,275.8,-145.75,False,-0.3457478353694698,-5.34574783536947,0.002106028078890195,0.5491326275822138,-0.5470265995033237
76,77,BANKNIFTY03SEP2024900PE,31-08-2020 09:29,458.2,31-08-2020 10:27,513.3,55.099999999999966,True,0.12025316455696196,-4.879746835443038,0.0023592846200225603,0.5491326275822138,-0.5467733429621913
77,78,BANKNIFTY03SEP2024100CE,01-09-2020 09:29,440.7,01-09-2020 09:57,288.5,-152.2,False,-0.3453596550941683,-5.345359655094168,0.001544482897382593,0.5491326275822138,-0.5475881446848312
78,79,BANKNIFTY03SEP2024100PE,01-09-2020 09:29,450.1,01-09-2020 09:57,703.8,253.69999999999993,True,0.5636525216618528,-4.436347478338147,0.002415034577155896,0.5491326275822138,-0.546717593005058
79,80,BANKNIFTY03SEP2023700CE,02-09-2020 09:29,311.0,02-09-2020 10:46,238.0,-73.0,False,-0.2347266881028939,-5.234726688102894,0.0018481615092061198,0.5491326275822138,-0.5472844660730077
80,81,BANKNIFTY03SEP2023700PE,02-09-2020 09:29,290.25,02-09-2020 10:46,302.25,12.0,True,0.041343669250646,-4.958656330749354,0.0019245712873645123,0.5491326275822138,-0.5472080562948493
81,82,BANKNIFTY03SEP2023900CE,03-09-2020 09:29,96.7,03-09-2020 11:22,52.75,-43.95,False,-0.4544984488107549,-5.454498448810755,0.001049856622631624,0.5491326275822138,-0.5480827709595822
82,83,BANKNIFTY03SEP2023900PE,03-09-2020 09:29,140.0,03-09-2020 11:22,157.2,17.19999999999999,True,0.12285714285714278,-4.877142857142857,0.001178839007697795,0.5491326275822138,-0.547953788574516
83,84,BANKNIFTY10SEP2023000CE,04-09-2020 09:29,441.45,04-09-2020 12:28,514.0,72.55000000000001,True,0.16434477290746408,-4.835655227092536,0.0013725750367123493,0.5491326275822138,-0.5477600525455014
84,85,BANKNIFTY10SEP2023000PE,04-09-2020 09:29,488.4,04-09-2020 12:28,318.0,-170.39999999999998,False,-0.34889434889434884,-5.348894348894349,0.0008936913629699573,0.5491326275822138,-0.5482389362192439
85,86,BANKNIFTY10SEP2022900CE,07-09-2020 09:29,382.9,07-09-2020 12:48,356.65,-26.25,False,-0.06855575868372944,-5.068555758683729,0.0008324236735524557,0.5491326275822138,-0.5483002039086614
86,87,BANKNIFTY10SEP2022900PE,07-09-2020 09:29,360.5,07-09-2020 12:48,310.05,-50.44999999999999,False,-0.13994452149791953,-5.139944521497919,0.0007159305408736169,0.5491326275822138,-0.5484166970413402
87,88,BANKNIFTY10SEP2022900CE,08-09-2020 09:29,305.8,08-09-2020 12:53,337.55,31.75,True,0.10382603008502289,-4.896173969914977,0.0007902627667491477,0.5491326275822138,-0.5483423648154647
88,89,BANKNIFTY10SEP2022900PE,08-09-2020 09:29,300.2,08-09-2020 12:53,207.8,-92.39999999999998,False,-0.30779480346435706,-5.307794803464357,0.0005470239937723948,0.5491326275822138,-0.5485856035884414
89,90,BANKNIFTY10SEP2022500CE,09-09-2020 09:29,213.45,09-09-2020 09:56,154.95,-58.5,False,-0.27406886858749124,-5.2740688685874915,0.00039710174670898367,0.5491326275822138,-0.5487355258355048
90,91,BANKNIFTY10SEP2022500PE,09-09-2020 09:29,201.9,09-09-2020 09:56,302.0,100.1,True,0.49578999504705296,-4.504210004952947,0.0005939808197430068,0.5491326275822138,-0.5485386467624708
91,92,BANKNIFTY10SEP2022500CE,10-09-2020 09:29,95.6,10-09-2020 10:56,162.3,66.70000000000002,True,0.6976987447698747,-4.302301255230125,0.0010084004920950839,0.5491326275822138,-0.5481242270901188
92,93,BANKNIFTY10SEP2022500PE,10-09-2020 09:29,90.1,10-09-2020 10:56,43.25,-46.849999999999994,False,-0.5199778024417314,-5.519977802441732,0.0004840546202343216,0.5491326275822138,-0.5486485729619794
93,94,BANKNIFTY17SEP2022600CE,11-09-2020 09:29,333.95,11-09-2020 09:42,278.45,-55.5,False,-0.16619254379398113,-5.166192543793981,0.00040360835156235027,0.5491326275822138,-0.5487290192306514
94,95,BANKNIFTY17SEP2022600PE,11-09-2020 09:29,337.95,11-09-2020 09:42,460.65,122.69999999999999,True,0.3630714602751886,-4.636928539724812,0.0005501470251433545,0.5491326275822138,-0.5485824805570705
95,96,BANKNIFTY17SEP2022800CE,14-09-2020 09:29,261.6,14-09-2020 13:16,178.25,-83.35000000000002,False,-0.3186162079510704,-5.31861620795107,0.0003748612661766167,0.5491326275822138,-0.5487577663160372
96,97,BANKNIFTY17SEP2022800PE,14-09-2020 09:29,326.1,14-09-2020 13:16,494.9,168.79999999999995,True,0.5176326280282121,-4.482367371971788,0.0005689016885336019,0.5491326275822138,-0.5485637258936802
97,98,BANKNIFTY17SEP2022200CE,15-09-2020 09:29,298.6,15-09-2020 15:24,456.95,158.34999999999997,True,0.5303081044876087,-4.469691895512391,0.0008705948646196562,0.5491326275822138,-0.5482620327175941
98,99,BANKNIFTY17SEP2022200PE,15-09-2020 09:29,316.85,15-09-2020 15:24,120.75,-196.10000000000002,False,-0.6189048445636737,-5.618904844563674,0.00033177948525429533,0.5491326275822138,-0.5488008480969595
99,100,BANKNIFTY17SEP2022500CE,16-09-2020 09:29,196.15,16-09-2020 11:47,138.0,-58.150000000000006,False,-0.2964567932704563,-5.2964567932704565,0.0002334212029828843,0.5491326275822138,-0.548899206379231
100,101,BANKNIFTY17SEP2022500PE,16-09-2020 09:29,233.5,16-09-2020 11:47,334.9,101.39999999999998,True,0.4342612419700213,-4.565738758029979,0.0003347869844923681,0.5491326275822138,-0.5487978405977214
101,102,BANKNIFTY17SEP2022400CE,17-09-2020 09:29,87.15,17-09-2020 10:21,100.0,12.849999999999994,True,0.14744693057946062,-4.852553069420539,0.00038415029775372124,0.5491326275822138,-0.5487484772844601
102,103,BANKNIFTY17SEP2022400PE,17-09-2020 09:29,138.15,17-09-2020 10:21,100.5,-37.650000000000006,False,-0.2725298588490771,-5.272529858849077,0.00027945787133006863,0.5491326275822138,-0.5488531697108837
103,104,BANKNIFTY24SEP2022400CE,18-09-2020 09:29,373.9,18-09-2020 14:22,244.3,-129.59999999999997,False,-0.3466167424445038,-5.346616742444504,0.00018259309431916496,0.5491326275822138,-0.5489500344878947
104,105,BANKNIFTY24SEP2022400PE,18-09-2020 09:29,343.85,18-09-2020 14:22,586.0,242.14999999999998,True,0.7042314962919877,-4.295768503708012,0.0003111809023441345,0.5491326275822138,-0.5488214466798697
105,106,BANKNIFTY24SEP2022000CE,21-09-2020 09:29,310.95,21-09-2020 14:04,186.95,-124.0,False,-0.39877793857533367,-5.398777938575334,0.00018708882358332835,0.5491326275822138,-0.5489455387586305
106,107,BANKNIFTY24SEP2022000PE,21-09-2020 09:29,325.95,21-09-2020 14:04,518.15,192.2,True,0.5896609909495322,-4.4103390090504675,0.0002974078046930559,0.5491326275822138,-0.5488352197775208
107,108,BANKNIFTY24SEP2021300CE,22-09-2020 09:29,299.4,22-09-2020 13:27,318.0,18.600000000000023,True,0.06212424849699407,-4.937875751503006,0.00031588404105675283,0.5491326275822138,-0.5488167435411571
108,109,BANKNIFTY24SEP2021300PE,22-09-2020 09:29,334.5,22-09-2020 13:27,251.05,-83.44999999999999,False,-0.24947683109118082,-5.249476831091181,0.00023707829150163768,0.5491326275822138,-0.5488955492907122
109,110,BANKNIFTY24SEP2021300CE,23-09-2020 09:29,183.9,23-09-2020 10:57,179.25,-4.650000000000006,False,-0.025285481239804272,-5.025285481239805,0.00023108365280950817,0.5491326275822138,-0.5489015439294043
110,111,BANKNIFTY24SEP2021300PE,23-09-2020 09:29,235.0,23-09-2020 10:57,194.2,-40.80000000000001,False,-0.17361702127659578,-5.173617021276596,0.00019096359734300632,0.5491326275822138,-0.5489416639848708
111,112,BANKNIFTY24SEP2020900CE,24-09-2020 09:29,99.3,24-09-2020 09:58,106.2,6.900000000000006,True,0.06948640483383692,-4.930513595166163,0.00020423297117650826,0.5491326275822138,-0.5489283946110373
112,113,BANKNIFTY24SEP2020900PE,24-09-2020 09:29,142.8,24-09-2020 09:58,109.45,-33.35000000000001,False,-0.2335434173669468,-5.233543417366946,0.00015653570514894137,0.5491326275822138,-0.5489760918770649
113,114,BANKNIFTY01OCT2020600CE,25-09-2020 09:29,380.5,25-09-2020 15:24,564.0,183.5,True,0.48226018396846254,-4.517739816031537,0.00023202664311170287,0.5491326275822138,-0.5489006009391021
114,115,BANKNIFTY01OCT2020600PE,25-09-2020 09:29,444.3,25-09-2020 15:24,217.7,-226.60000000000002,False,-0.5100157551204142,-5.510015755120414,0.00011368939951703288,0.5491326275822138,-0.5490189381826968
115,116,BANKNIFTY27AUG2023600CE,27-08-2020 09:29,117.3,27-08-2020 10:02,95.55,-21.75,False,-0.18542199488491048,-5.18542199488491,9.260888426131706e-05,0.5491326275822138,-0.5490400186979525
116,117,BANKNIFTY27AUG2023600PE,27-08-2020 09:29,88.85,27-08-2020 10:02,89.4,0.5500000000000114,True,0.00619020821609467,-4.993809791783906,9.318215253755483e-05,0.5491326275822138,-0.5490394454296763
117,118,BANKNIFTY01OCT2021200CE,28-09-2020 09:29,312.85,28-09-2020 09:40,440.55,127.69999999999999,True,0.40818283522454846,-4.591817164775452,0.00013121750775266033,0.5491326275822138,-0.5490014100744611
118,119,BANKNIFTY01OCT2021200PE,28-09-2020 09:29,328.7,28-09-2020 09:40,273.8,-54.89999999999998,False,-0.16702160024338297,-5.167021600243383,0.00010930134962786248,0.5491326275822138,-0.549023326232586
119,120,BANKNIFTY01OCT2021700CE,29-09-2020 09:29,267.8,29-09-2020 14:16,145.0,-122.80000000000001,False,-0.4585511575802838,-5.458551157580284,5.918108923091881e-05,0.5491326275822138,-0.549073446492983
120,121,BANKNIFTY01OCT2021700PE,29-09-2020 09:29,272.35,29-09-2020 14:16,316.35,44.0,True,0.16155682026803744,-4.8384431797319625,6.874219782706506e-05,0.5491326275822138,-0.5490638853843868
121,122,BANKNIFTY01OCT2021200CE,30-09-2020 09:29,183.1,30-09-2020 10:57,330.85,147.75000000000003,True,0.8069361004915349,-4.1930638995084655,0.0001242127588808546,0.5491326275822138,-0.549008414823333
122,123,BANKNIFTY01OCT2021200PE,30-09-2020 09:29,193.8,30-09-2020 10:57,87.35,-106.45000000000002,False,-0.5492776057791539,-5.549277605779154,5.598547207555545e-05,0.5491326275822138,-0.5490766421101383
123,124,BANKNIFTY03SEP2024900CE,31-08-2020 09:29,421.55,31-08-2020 10:27,275.8,-145.75,False,-0.3457478353694698,-5.34574783536947,3.662861629329425e-05,0.5491326275822138,-0.5490959989659205
124,125,BANKNIFTY03SEP2024900PE,31-08-2020 09:29,458.2,31-08-2020 10:27,513.3,55.099999999999966,True,0.12025316455696196,-4.879746835443038,4.103332331590559e-05,0.5491326275822138,-0.5490915942588979
125,126,BANKNIFTY01OCT2021900CE,01-10-2020 09:29,114.55,01-10-2020 10:01,110.35,-4.200000000000003,False,-0.03666521169794852,-5.036665211697948,3.952882782985754e-05,0.5491326275822138,-0.549093098754384
126,127,BANKNIFTY01OCT2021900PE,01-10-2020 09:29,118.65,01-10-2020 10:01,87.05,-31.60000000000001,False,-0.2663295406658239,-5.266329540665824,2.9001133270873143e-05,0.5491326275822138,-0.549103626448943
127,128,BANKNIFTY08OCT2022600CE,05-10-2020 09:29,373.1,05-10-2020 12:04,337.95,-35.150000000000034,False,-0.09421066738139917,-5.094210667381399,2.6268917150607284e-05,0.5491326275822138,-0.5491063586650632
128,129,BANKNIFTY08OCT2022600PE,05-10-2020 09:29,363.9,05-10-2020 12:04,325.3,-38.599999999999966,False,-0.10607309700467153,-5.106073097004671,2.348249175348324e-05,0.5491326275822138,-0.5491091450904604
129,130,BANKNIFTY08OCT2022700CE,06-10-2020 09:29,250.85,06-10-2020 12:22,260.2,9.349999999999994,True,0.03727327087901134,-4.9627267291209884,2.4357761029524972e-05,0.5491326275822138,-0.5491082698211843
130,131,BANKNIFTY08OCT2022700PE,06-10-2020 09:29,312.9,06-10-2020 12:22,245.0,-67.89999999999998,False,-0.21700223713646527,-5.217002237136465,1.907207239448264e-05,0.5491326275822138,-0.5491135555098193
131,132,BANKNIFTY08OCT2022700CE,07-10-2020 09:29,187.1,07-10-2020 09:54,373.85,186.75000000000003,True,0.9981293425975416,-4.001870657402458,3.810846747556032e-05,0.5491326275822138,-0.5490945191147383
132,133,BANKNIFTY08OCT2022700PE,07-10-2020 09:29,237.9,07-10-2020 09:54,122.3,-115.60000000000001,False,-0.4859184531315679,-5.485918453131568,1.9590859908621384e-05,0.5491326275822138,-0.5491130367223052
133,134,BANKNIFTY08OCT2023200CE,08-10-2020 09:29,119.6,08-10-2020 10:16,138.9,19.30000000000001,True,0.1613712374581941,-4.838628762541806,2.2752261214945743e-05,0.5491326275822138,-0.5491098753209989
134,135,BANKNIFTY08OCT2023200PE,08-10-2020 09:29,136.4,08-10-2020 10:16,91.4,-45.0,False,-0.32991202346041054,-5.329912023460411,1.5246016679223176e-05,0.5491326275822138,-0.5491173815655346
135,136,BANKNIFTY15OCT2023300CE,09-10-2020 09:29,413.65,09-10-2020 11:07,670.5,256.85,True,0.6209355735525204,-4.37906442644748,2.471281079032791e-05,0.5491326275822138,-0.5491079147714235
136,137,BANKNIFTY15OCT2023300PE,09-10-2020 09:29,411.35,09-10-2020 11:07,248.4,-162.95000000000002,False,-0.3961346784976298,-5.39613467849763,1.4923209433128605e-05,0.5491326275822138,-0.5491177043727807
137,138,BANKNIFTY15OCT2024200CE,12-10-2020 09:29,366.7,12-10-2020 12:05,249.55,-117.14999999999998,False,-0.31947095718571034,-5.31947095718571,1.0155677431244186e-05,0.5491326275822138,-0.5491224719047826
138,139,BANKNIFTY15OCT2024200PE,12-10-2020 09:29,424.9,12-10-2020 12:05,623.75,198.85000000000002,True,0.4679924688161921,-4.532007531183808,1.4908457984793036e-05,0.5491326275822138,-0.549117719124229
139,140,BANKNIFTY15OCT2023500CE,13-10-2020 09:29,352.4,13-10-2020 13:57,325.0,-27.399999999999977,False,-0.07775255391600448,-5.077752553916005,1.3749287301525928e-05,0.5491326275822138,-0.5491188782949122
140,141,BANKNIFTY15OCT2023500PE,13-10-2020 09:29,326.7,13-10-2020 13:57,284.35,-42.349999999999966,False,-0.12962962962962954,-5.12962962962963,1.1966972280957753e-05,0.5491326275822138,-0.5491206606099328
141,142,BANKNIFTY15OCT2023300CE,14-10-2020 09:29,264.35,14-10-2020 11:41,209.05,-55.30000000000001,False,-0.20919235861547195,-5.209192358615472,9.463573124018227e-06,0.5491326275822138,-0.5491231640090898
142,143,BANKNIFTY15OCT2023300PE,14-10-2020 09:29,270.05,14-10-2020 11:41,270.2,0.14999999999997726,True,0.0005554526939454814,-4.999444547306054,9.468829691204314e-06,0.5491326275822138,-0.5491231587525226
143,144,BANKNIFTY15OCT2023700CE,15-10-2020 09:29,117.8,15-10-2020 09:39,222.65,104.85000000000001,True,0.8900679117147708,-4.1099320882852295,1.7896731160837356e-05,0.5491326275822138,-0.549114730851053
144,145,BANKNIFTY15OCT2023700PE,15-10-2020 09:29,138.95,15-10-2020 09:39,64.3,-74.64999999999999,False,-0.5372436128103634,-5.5372436128103635,8.281826654493287e-06,0.5491326275822138,-0.5491243457555594
145,146,BANKNIFTY22OCT2023300CE,16-10-2020 09:29,421.6,16-10-2020 15:24,516.55,94.94999999999993,True,0.22521347248576834,-4.774786527514232,1.0147005593876914e-05,0.5491326275822138,-0.5491224805766199
146,147,BANKNIFTY22OCT2023300PE,16-10-2020 09:29,447.05,16-10-2020 15:24,309.8,-137.25,False,-0.307012638407337,-5.307012638407337,7.031746634566754e-06,0.5491326275822138,-0.5491255958355793
147,148,BANKNIFTY22OCT2023900CE,19-10-2020 09:29,343.45,19-10-2020 15:24,592.4,248.95,True,0.7248507788615519,-4.275149221138448,1.2128713659389562e-05,0.5491326275822138,-0.5491204988685544
148,149,BANKNIFTY22OCT2023900PE,19-10-2020 09:29,387.4,19-10-2020 15:24,179.55,-207.84999999999997,False,-0.5365255549819308,-5.536525554981931,5.621348832068653e-06,0.5491326275822138,-0.5491270062333817
149,150,BANKNIFTY22OCT2024200CE,20-10-2020 09:29,331.5,20-10-2020 13:03,332.7,1.1999999999999886,True,0.0036199095022624093,-4.996380090497738,5.64169760612139e-06,0.5491326275822138,-0.5491269858846077
150,151,BANKNIFTY22OCT2024200PE,20-10-2020 09:29,354.35,20-10-2020 13:03,282.6,-71.75,False,-0.20248342034711442,-5.202483420347114,4.499347378269803e-06,0.5491326275822138,-0.5491281282348356
151,152,BANKNIFTY22OCT2024700CE,21-10-2020 09:29,268.25,21-10-2020 12:14,278.05,9.800000000000011,True,0.036533084808946924,-4.963466915191053,4.663722417625046e-06,0.5491326275822138,-0.5491279638597962
152,153,BANKNIFTY22OCT2024700PE,21-10-2020 09:29,244.75,21-10-2020 12:14,183.6,-61.150000000000006,False,-0.24984678243105213,-5.249846782431052,3.4985063774298605e-06,0.5491326275822138,-0.5491291290758364
153,154,BANKNIFTY22OCT2024500CE,22-10-2020 09:29,199.6,22-10-2020 10:11,160.4,-39.19999999999999,False,-0.19639278557114223,-5.196392785571142,2.8114249646280044e-06,0.5491326275822138,-0.5491298161572492
154,155,BANKNIFTY22OCT2024500PE,22-10-2020 09:29,185.9,22-10-2020 10:11,181.65,-4.25,False,-0.0228617536309844,-5.022861753630984,2.74715085973468e-06,0.5491326275822138,-0.5491298804313541
155,156,BANKNIFTY29OCT2024700CE,23-10-2020 09:29,455.0,23-10-2020 15:24,328.2,-126.80000000000001,False,-0.2786813186813187,-5.278681318681318,1.981571235527301e-06,0.5491326275822138,-0.5491306460109783
156,157,BANKNIFTY29OCT2024700PE,23-10-2020 09:29,447.05,23-10-2020 15:24,502.05,55.0,True,0.12302874398836819,-4.876971256011632,2.225361455757704e-06,0.5491326275822138,-0.549130402220758
157,158,BANKNIFTY29OCT2024400CE,26-10-2020 09:29,394.55,26-10-2020 13:01,199.95,-194.60000000000002,False,-0.49322012419211764,-5.493220124192118,1.1277684021765373e-06,0.5491326275822138,-0.5491314998138116
158,159,BANKNIFTY29OCT2024400PE,26-10-2020 09:29,401.9,26-10-2020 13:01,679.35,277.45000000000005,True,0.6903458571784027,-4.309654142821597,1.9063186464758165e-06,0.5491326275822138,-0.5491307212635673
159,160,BANKNIFTY29OCT2023900CE,27-10-2020 09:29,368.3,27-10-2020 09:48,589.05,220.74999999999994,True,0.5993755090958456,-4.400624490904154,3.0489193557061626e-06,0.5491326275822138,-0.5491295786628582
160,161,BANKNIFTY29OCT2023900PE,27-10-2020 09:29,332.85,27-10-2020 09:48,190.8,-142.05,False,-0.4267688147814331,-5.4267688147814335,1.7477356559072732e-06,0.5491326275822138,-0.549130879846558
161,162,BANKNIFTY29OCT2024800CE,28-10-2020 09:29,275.55,28-10-2020 10:04,141.75,-133.8,False,-0.4855743059335874,-5.4855743059335875,8.990801278347158e-07,0.5491326275822138,-0.549131728502086
162,163,BANKNIFTY29OCT2024800PE,28-10-2020 09:29,297.95,28-10-2020 10:04,489.4,191.45,True,0.6425574760865918,-4.3574425239134085,1.476790785575801e-06,0.5491326275822138,-0.5491311507914283
163,164,BANKNIFTY29OCT2024000CE,29-10-2020 09:29,196.6,29-10-2020 10:20,204.3,7.700000000000017,True,0.03916581892166845,-4.960834181078331,1.5346305060688513e-06,0.5491326275822138,-0.5491310929517077
164,165,BANKNIFTY29OCT2024000PE,29-10-2020 09:29,188.15,29-10-2020 10:20,127.75,-60.400000000000006,False,-0.3210204623970237,-5.321020462397024,1.0419827114020503e-06,0.5491326275822138,-0.5491315855995024
165,166,BANKNIFTY05NOV2024100CE,30-10-2020 09:29,582.8,30-10-2020 14:43,408.5,-174.29999999999995,False,-0.299073438572409,-5.2990734385724085,7.303533589700371e-07,0.5491326275822138,-0.5491318972288548
166,167,BANKNIFTY05NOV2024100PE,30-10-2020 09:29,559.55,30-10-2020 14:43,611.0,51.450000000000045,True,0.09194888749888312,-4.908051112501117,7.975085378084045e-07,0.5491326275822138,-0.549131830073676
167,168,BANKNIFTY05NOV2024200CE,02-11-2020 09:29,442.65,02-11-2020 11:19,697.55,254.89999999999998,True,0.575849994352197,-4.424150005647803,1.256753824801203e-06,0.5491326275822138,-0.549131370828389
168,169,BANKNIFTY05NOV2024200PE,02-11-2020 09:29,479.65,02-11-2020 11:19,321.1,-158.54999999999995,False,-0.33055352861461473,-5.330553528614614,8.41329413413252e-07,0.5491326275822138,-0.5491317862528005
169,170,BANKNIFTY05NOV2025400CE,03-11-2020 09:29,468.25,03-11-2020 14:31,442.95,-25.30000000000001,False,-0.05403096636412175,-5.054030966364122,7.958715721759742e-07,0.5491326275822138,-0.5491318317106416
170,171,BANKNIFTY05NOV2025400PE,03-11-2020 09:29,485.65,03-11-2020 14:31,414.25,-71.39999999999998,False,-0.147019458457737,-5.147019458457737,6.788629646327548e-07,0.5491326275822138,-0.5491319487192492
171,172,BANKNIFTY05NOV2025500CE,04-11-2020 09:29,377.0,04-11-2020 10:36,316.65,-60.35000000000002,False,-0.16007957559681704,-5.160079575596817,5.701908693659464e-07,0.5491326275822138,-0.5491320573913444
172,173,BANKNIFTY05NOV2025500PE,04-11-2020 09:29,429.0,04-11-2020 10:36,406.2,-22.80000000000001,False,-0.053146853146853176,-5.0531468531468535,5.398870189660779e-07,0.5491326275822138,-0.5491320876951948
173,174,BANKNIFTY05NOV2026100CE,05-11-2020 09:29,170.65,05-11-2020 10:06,165.25,-5.400000000000006,False,-0.03164371520656317,-5.031643715206563,5.228029878941949e-07,0.5491326275822138,-0.5491321047792259
174,175,BANKNIFTY05NOV2026100PE,05-11-2020 09:29,158.25,05-11-2020 10:06,129.45,-28.80000000000001,False,-0.1819905213270143,-5.181990521327014,4.2765779957600963e-07,0.5491326275822138,-0.5491321999244142
175,176,BANKNIFTY12NOV2026200CE,06-11-2020 09:29,446.6,06-11-2020 12:42,658.85,212.25,True,0.47525750111957005,-4.52474249888043,6.309053767367979e-07,0.5491326275822138,-0.5491319966768371
176,177,BANKNIFTY12NOV2026200PE,06-11-2020 09:29,437.1,06-11-2020 12:42,314.65,-122.45000000000005,False,-0.2801418439716313,-5.280141843971632,4.541623811261347e-07,0.5491326275822138,-0.5491321734198327
177,178,BANKNIFTY12NOV2027300CE,09-11-2020 09:29,389.1,09-11-2020 15:24,482.05,92.94999999999999,True,0.23888460549987145,-4.761115394500129,5.626547823743336e-07,0.5491326275822138,-0.5491320649274315
178,179,BANKNIFTY12NOV2027300PE,09-11-2020 09:29,422.85,09-11-2020 15:24,262.5,-160.35000000000002,False,-0.3792124866974105,-5.37921248669741,3.4928906319797226e-07,0.5491326275822138,-0.5491322782931506
179,180,BANKNIFTY12NOV2027900CE,10-11-2020 09:29,357.9,10-11-2020 09:51,514.15,156.25,True,0.4365744621402627,-4.563425537859738,5.017797480951033e-07,0.5491326275822138,-0.5491321258024657
180,181,BANKNIFTY12NOV2027900PE,10-11-2020 09:29,341.95,10-11-2020 09:51,271.4,-70.55000000000001,False,-0.20631671296973245,-5.206316712969732,3.9825419983334124e-07,0.5491326275822138,-0.549132229328014
181,182,BANKNIFTY12NOV2028900CE,11-11-2020 09:29,332.25,11-11-2020 10:50,327.6,-4.649999999999977,False,-0.0139954853273137,-5.013995485327314,3.926804390230327e-07,0.5491326275822138,-0.5491322349017748
182,183,BANKNIFTY12NOV2028900PE,11-11-2020 09:29,376.2,11-11-2020 10:50,300.4,-75.80000000000001,False,-0.20148856990962258,-5.201488569909623,3.1355981893279904e-07,0.5491326275822138,-0.5491323140223949
183,184,BANKNIFTY12NOV2028500CE,12-11-2020 09:29,181.8,12-11-2020 12:30,129.55,-52.25,False,-0.2874037403740374,-5.287403740374037,2.234415541405067e-07,0.5491326275822138,-0.5491324041406597
184,185,BANKNIFTY12NOV2028500PE,12-11-2020 09:29,179.0,12-11-2020 12:30,172.05,-6.949999999999989,False,-0.03882681564245804,-5.038826815642458,2.1476603011102893e-07,0.5491326275822138,-0.5491324128161837
185,186,BANKNIFTY19NOV2027800CE,13-11-2020 09:29,483.85,13-11-2020 15:24,857.55,373.69999999999993,True,0.7723468016947399,-4.22765319830526,3.8063988657995833e-07,0.5491326275822138,-0.5491322469423272
186,187,BANKNIFTY19NOV2027800PE,13-11-2020 09:29,489.6,13-11-2020 15:24,171.7,-317.90000000000003,False,-0.6493055555555556,-5.649305555555555,1.3348829355755482e-07,0.5491326275822138,-0.5491324940939203
187,188,BANKNIFTY19NOV2028900CE,17-11-2020 09:29,339.7,17-11-2020 11:43,341.25,1.5500000000000114,True,0.004562849573152816,-4.995437150426847,1.3409738056083482e-07,0.5491326275822138,-0.5491324934848333
188,189,BANKNIFTY19NOV2028900PE,17-11-2020 09:29,396.4,17-11-2020 11:43,318.5,-77.89999999999998,False,-0.19651866801210893,-5.196518668012109,1.077447419491067e-07,0.5491326275822138,-0.5491325198374719
189,190,BANKNIFTY19NOV2029300CE,18-11-2020 09:29,295.15,18-11-2020 12:21,298.75,3.6000000000000227,True,0.012197187870574363,-4.987802812129425,1.0905892480872652e-07,0.5491326275822138,-0.549132518523289
190,191,BANKNIFTY19NOV2029300PE,18-11-2020 09:29,259.55,18-11-2020 12:21,199.0,-60.55000000000001,False,-0.23328838374109037,-5.23328838374109,8.36167445075576e-08,0.5491326275822138,-0.5491325439654693
191,192,BANKNIFTY19NOV2029400CE,19-11-2020 09:29,160.1,19-11-2020 09:42,237.3,77.20000000000002,True,0.4821986258588383,-4.517801374141162,1.2393662380789144e-07,0.5491326275822138,-0.54913250364559
192,193,BANKNIFTY19NOV2029400PE,19-11-2020 09:29,125.55,19-11-2020 09:42,80.2,-45.349999999999994,False,-0.36121067303862997,-5.36121067303863,7.916939250810748e-08,0.5491326275822138,-0.5491325484128213
193,194,BANKNIFTY26NOV2028800CE,20-11-2020 09:29,501.8,20-11-2020 15:24,656.75,154.95,True,0.3087883618971702,-4.69121163810283,1.0361597953308009e-07,0.5491326275822138,-0.5491325239662342
194,195,BANKNIFTY26NOV2028800PE,20-11-2020 09:29,480.45,20-11-2020 15:24,280.0,-200.45,False,-0.4172130294515558,-5.417213029451556,6.038604281249334e-08,0.5491326275822138,-0.549132567196171
195,196,BANKNIFTY26NOV2029400CE,23-11-2020 09:29,408.85,23-11-2020 09:57,288.25,-120.60000000000002,False,-0.29497370673841267,-5.294973706738412,4.25737479288277e-08,0.5491326275822138,-0.5491325850084658
196,197,BANKNIFTY26NOV2029400PE,23-11-2020 09:29,451.15,23-11-2020 09:57,699.2,248.05000000000007,True,0.5498171339909123,-4.450182866009087,6.598152399830728e-08,0.5491326275822138,-0.5491325616006898
197,198,BANKNIFTY26NOV2029300CE,24-11-2020 09:29,399.55,24-11-2020 15:24,610.8,211.24999999999994,True,0.5287198097860091,-4.4712801902139905,1.008672628160833e-07,0.5491326275822138,-0.549132526714951
198,199,BANKNIFTY26NOV2029300PE,24-11-2020 09:29,352.5,24-11-2020 15:24,146.6,-205.9,False,-0.5841134751773049,-5.584113475177305,4.194933540095834e-08,0.5491326275822138,-0.5491325856328784
199,200,BANKNIFTY26NOV2030100CE,25-11-2020 09:29,300.1,25-11-2020 10:43,225.2,-74.90000000000003,False,-0.24958347217594146,-5.249583472175941,3.147947461611402e-08,0.5491326275822138,-0.5491325961027392
200,201,BANKNIFTY26NOV2030100PE,25-11-2020 09:29,293.55,25-11-2020 10:43,429.55,136.0,True,0.4632941577244081,-4.536705842275592,4.606373129399344e-08,0.5491326275822138,-0.5491325815184825
201,202,BANKNIFTY26NOV2029200CE,26-11-2020 09:29,187.95,26-11-2020 10:51,153.8,-34.14999999999998,False,-0.1816972599095503,-5.1816972599095505,3.769407753666503e-08,0.5491326275822138,-0.5491325898881363
202,203,BANKNIFTY26NOV2029200PE,26-11-2020 09:29,179.3,26-11-2020 10:51,175.2,-4.100000000000023,False,-0.022866703848299065,-5.022866703848299,3.683213822879929e-08,0.5491326275822138,-0.5491325907500756
203,204,BANKNIFTY03DEC2029500CE,27-11-2020 09:29,500.7,27-11-2020 14:09,483.3,-17.399999999999977,False,-0.03475134811264226,-5.034751348112643,3.555217177147733e-08,0.5491326275822138,-0.549132592030042
204,205,BANKNIFTY03DEC2029500PE,27-11-2020 09:29,472.1,27-11-2020 14:09,390.5,-81.60000000000002,False,-0.1728447362846855,-5.172844736284685,2.940716601728849e-08,0.5491326275822138,-0.5491325981750478
205,206,BANKNIFTY03DEC2029600CE,01-12-2020 09:29,408.45,01-12-2020 13:08,459.2,50.75,True,0.12425021422450729,-4.875749785775493,3.306101269467223e-08,0.5491326275822138,-0.5491325945212011
206,207,BANKNIFTY03DEC2029600PE,01-12-2020 09:29,428.75,01-12-2020 13:08,284.1,-144.64999999999998,False,-0.3373760932944606,-5.337376093294461,2.1907017391385147e-08,0.5491326275822138,-0.5491326056751964
207,208,BANKNIFTY03DEC2029800CE,02-12-2020 09:29,278.65,02-12-2020 11:22,232.55,-46.099999999999966,False,-0.1654405167773191,-5.165440516777319,1.8282709113104672e-08,0.5491326275822138,-0.5491326092995047
208,209,BANKNIFTY03DEC2029800PE,02-12-2020 09:29,360.55,02-12-2020 11:22,342.5,-18.05000000000001,False,-0.05006240465954794,-5.050062404659548,1.7367432731211622e-08,0.5491326275822138,-0.5491326102147811
209,210,BANKNIFTY03DEC2029600CE,03-12-2020 09:29,146.7,03-12-2020 11:19,198.6,51.900000000000006,True,0.35378323108384463,-4.6462167689161555,2.3511739198490993e-08,0.5491326275822138,-0.5491326040704746
210,211,BANKNIFTY03DEC2029600PE,03-12-2020 09:29,198.3,03-12-2020 11:19,111.6,-86.70000000000002,False,-0.43721633888048417,-5.437216338880484,1.3232022665413992e-08,0.5491326275822138,-0.5491326143501911
211,212,BANKNIFTY10DEC2029600CE,04-12-2020 09:29,441.25,04-12-2020 12:56,364.85,-76.39999999999998,False,-0.17314447592067983,-5.1731444759206795,1.0940971035640328e-08,0.5491326275822138,-0.5491326166412428
212,213,BANKNIFTY10DEC2029600PE,04-12-2020 09:29,459.95,04-12-2020 12:56,442.75,-17.19999999999999,False,-0.037395369061854526,-5.037395369061855,1.0531829385867498e-08,0.5491326275822138,-0.5491326170503844
213,214,BANKNIFTY10DEC2030000CE,07-12-2020 09:29,366.2,07-12-2020 15:24,456.05,89.85000000000002,True,0.24535772801747685,-4.754642271982523,1.3115895115851645e-08,0.5491326275822138,-0.5491326144663187
214,215,BANKNIFTY10DEC2030000PE,07-12-2020 09:29,389.1,07-12-2020 15:24,253.85,-135.25000000000003,False,-0.34759701876124394,-5.347597018761244,8.556849075196453e-09,0.5491326275822138,-0.5491326190253647
215,216,BANKNIFTY10DEC2030300CE,08-12-2020 09:29,289.3,08-12-2020 12:57,299.5,10.199999999999989,True,0.03525751814725195,-4.964742481852748,8.858542336748488e-09,0.5491326275822138,-0.5491326187236715
216,217,BANKNIFTY10DEC2030300PE,08-12-2020 09:29,404.35,08-12-2020 12:57,317.35,-87.0,False,-0.21516013354766908,-5.215160133547669,6.952537184536003e-09,0.5491326275822138,-0.5491326206296766
217,218,BANKNIFTY10DEC2030400CE,09-12-2020 09:29,229.0,09-12-2020 11:37,244.0,15.0,True,0.06550218340611354,-4.934497816593886,7.407943550335305e-09,0.5491326275822138,-0.5491326201742702
218,219,BANKNIFTY10DEC2030400PE,09-12-2020 09:29,279.0,09-12-2020 11:37,213.05,-65.94999999999999,False,-0.23637992831541216,-5.236379928315412,5.656854384942426e-09,0.5491326275822138,-0.5491326219253594
219,220,BANKNIFTY10DEC2030600CE,10-12-2020 09:29,104.6,10-12-2020 09:41,84.9,-19.69999999999999,False,-0.18833652007648174,-5.188336520076482,4.591462115502983e-09,0.5491326275822138,-0.5491326229907517
220,221,BANKNIFTY10DEC2030600PE,10-12-2020 09:29,202.0,10-12-2020 09:41,253.7,51.69999999999999,True,0.2559405940594059,-4.744059405940594,5.766603656946074e-09,0.5491326275822138,-0.5491326218156102
221,222,BANKNIFTY17DEC2030800CE,11-12-2020 09:29,371.05,11-12-2020 15:24,297.45,-73.60000000000002,False,-0.19835601670933842,-5.198356016709338,4.622763125612746e-09,0.5491326275822138,-0.5491326229594506
222,223,BANKNIFTY17DEC2030800PE,11-12-2020 09:29,455.75,11-12-2020 15:24,488.5,32.75,True,0.0718595721338453,-4.928140427866155,4.954952905895395e-09,0.5491326275822138,-0.5491326226272609
223,224,BANKNIFTY17DEC2030800CE,14-12-2020 09:29,343.6,14-12-2020 15:24,310.5,-33.10000000000002,False,-0.09633294528521542,-5.096332945285216,4.477627698720955e-09,0.5491326275822138,-0.5491326231045861
224,225,BANKNIFTY17DEC2030800PE,14-12-2020 09:29,371.35,14-12-2020 15:24,342.0,-29.350000000000023,False,-0.07903594991248154,-5.079035949912481,4.123734140198106e-09,0.5491326275822138,-0.5491326234584797
225,226,BANKNIFTY17DEC2030600CE,15-12-2020 09:29,332.15,15-12-2020 13:08,266.35,-65.79999999999995,False,-0.19810326659641717,-5.1981032665964175,3.306808936449693e-09,0.5491326275822138,-0.5491326242754049
226,227,BANKNIFTY17DEC2030600PE,15-12-2020 09:29,300.95,15-12-2020 13:08,297.55,-3.3999999999999773,False,-0.011297557733842755,-5.011297557733843,3.2694500715753657e-09,0.5491326275822138,-0.5491326243127638
227,228,BANKNIFTY17DEC2030800CE,16-12-2020 09:29,240.45,16-12-2020 13:25,187.0,-53.44999999999999,False,-0.222291536702017,-5.222291536702017,2.542678990994358e-09,0.5491326275822138,-0.5491326250395349
228,229,BANKNIFTY17DEC2030800PE,16-12-2020 09:29,220.45,16-12-2020 13:25,226.75,6.300000000000011,True,0.02857790882286238,-4.971422091177137,2.6153434393648024e-09,0.5491326275822138,-0.5491326249668704
229,230,BANKNIFTY17DEC2030700CE,17-12-2020 09:29,111.1,17-12-2020 11:27,162.0,50.900000000000006,True,0.4581458145814582,-4.541854185418542,3.813552089802863e-09,0.5491326275822138,-0.5491326237686617
230,231,BANKNIFTY17DEC2030700PE,17-12-2020 09:29,168.65,17-12-2020 11:27,88.1,-80.55000000000001,False,-0.4776163652534836,-5.477616365253484,1.992137201966393e-09,0.5491326275822138,-0.5491326255900766
231,232,BANKNIFTY24DEC2030700CE,18-12-2020 09:29,373.95,18-12-2020 09:59,293.7,-80.25,False,-0.21460088247091857,-5.2146008824709185,1.5646228004212585e-09,0.5491326275822138,-0.549132626017591
232,233,BANKNIFTY24DEC2030700PE,18-12-2020 09:29,379.8,18-12-2020 09:59,540.45,160.65000000000003,True,0.4229857819905214,-4.577014218009479,2.226435999177644e-09,0.5491326275822138,-0.5491326253557778
233,234,BANKNIFTY24DEC2030300CE,21-12-2020 09:29,347.05,21-12-2020 13:37,255.1,-91.95000000000002,False,-0.26494741391730303,-5.264947413917303,1.6365475389431406e-09,0.5491326275822138,-0.5491326259456663
234,235,BANKNIFTY24DEC2030300PE,21-12-2020 09:29,309.05,21-12-2020 13:37,498.35,189.3,True,0.6125222455913283,-4.387477754408672,2.638969312513555e-09,0.5491326275822138,-0.5491326249432446
235,236,BANKNIFTY24DEC2029400CE,22-12-2020 09:29,387.05,22-12-2020 12:46,310.5,-76.55000000000001,False,-0.19777806484950267,-5.197778064849503,2.117039068687402e-09,0.5491326275822138,-0.5491326254651747
236,237,BANKNIFTY24DEC2029400PE,22-12-2020 09:29,365.95,22-12-2020 12:46,359.65,-6.300000000000011,False,-0.017215466593797,-5.017215466593797,2.080593253322651e-09,0.5491326275822138,-0.5491326255016206
237,238,BANKNIFTY24DEC2029600CE,23-12-2020 09:29,218.15,23-12-2020 14:13,306.85,88.70000000000002,True,0.40660096264038514,-4.593399037359615,2.9265644729867318e-09,0.5491326275822138,-0.5491326246556494
238,239,BANKNIFTY24DEC2029600PE,23-12-2020 09:29,238.0,23-12-2020 14:13,101.55,-136.45,False,-0.5733193277310924,-5.573319327731093,1.2487084967722799e-09,0.5491326275822138,-0.5491326263335053
239,240,BANKNIFTY24DEC2030200CE,24-12-2020 09:29,139.45,24-12-2020 10:15,254.1,114.65,True,0.8221584797418431,-4.177841520258157,2.2753447761193e-09,0.5491326275822138,-0.549132625306869
240,241,BANKNIFTY24DEC2030200PE,24-12-2020 09:29,139.7,24-12-2020 10:15,56.8,-82.89999999999999,False,-0.5934144595561919,-5.593414459556191,9.251222854944611e-10,0.5491326275822138,-0.5491326266570915
241,242,BANKNIFTY31DEC2030800CE,28-12-2020 09:29,328.8,28-12-2020 13:43,348.15,19.349999999999966,True,0.05885036496350354,-4.9411496350364965,9.795660696316807e-10,0.5491326275822138,-0.5491326266026477
242,243,BANKNIFTY31DEC2030800PE,28-12-2020 09:29,339.75,28-12-2020 13:43,252.2,-87.55000000000001,False,-0.25768947755702726,-5.257689477557027,7.271422009157023e-10,0.5491326275822138,-0.5491326268550716
243,244,BANKNIFTY31DEC2031300CE,29-12-2020 09:29,272.15,29-12-2020 13:10,274.75,2.6000000000000227,True,0.009553555024802584,-4.9904464449751975,7.340889939430065e-10,0.5491326275822138,-0.5491326268481248
244,245,BANKNIFTY31DEC2031300PE,29-12-2020 09:29,274.6,29-12-2020 13:10,216.65,-57.95000000000002,False,-0.21103423160961404,-5.211034231609614,5.791710871731695e-10,0.5491326275822138,-0.5491326270030428
245,246,BANKNIFTY31DEC2031200CE,30-12-2020 09:29,283.9,30-12-2020 10:24,248.25,-35.64999999999998,False,-0.1255723846424797,-5.12557238464248,5.064431926408571e-10,0.5491326275822138,-0.5491326270757706
246,247,BANKNIFTY31DEC2031200PE,30-12-2020 09:29,240.1,30-12-2020 10:24,221.7,-18.400000000000006,False,-0.07663473552686383,-5.076634735526864,4.676320525134445e-10,0.5491326275822138,-0.5491326271145818
247,248,BANKNIFTY31DEC2031300CE,31-12-2020 09:29,173.85,31-12-2020 10:37,161.8,-12.049999999999983,False,-0.06931262582686214,-5.069312625826862,4.352192470329326e-10,0.5491326275822138,-0.5491326271469946
248,249,BANKNIFTY31DEC2031300PE,31-12-2020 09:29,124.0,31-12-2020 10:37,105.05,-18.950000000000003,False,-0.15282258064516133,-5.152822580645162,3.687079185549159e-10,0.5491326275822138,-0.5491326272135059
